<?xml  version="1.0" encoding="UTF-8"?>

<!-- Root Context: определяет ресурсы, доступные всему приложению, всем сервлетам -->

<beans xmlns="http://www.springframework.org/schema/beans"
       xmlns:xsi="http://www.w3.org/2001/XMLSchema-instance" xmlns:aop="http://www.springframework.org/schema/aop"
       xmlns:context="http://www.springframework.org/schema/context"
       xmlns:jee="http://www.springframework.org/schema/jee" xmlns:lang="http://www.springframework.org/schema/lang"
       xmlns:p="http://www.springframework.org/schema/p" xmlns:tx="http://www.springframework.org/schema/tx"
       xmlns:util="http://www.springframework.org/schema/util"
       xsi:schemaLocation="http://www.springframework.org/schema/beans http://www.springframework.org/schema/beans/spring-beans.xsd
        http://www.springframework.org/schema/aop http://www.springframework.org/schema/aop/spring-aop.xsd
        http://www.springframework.org/schema/context http://www.springframework.org/schema/context/spring-context.xsd
        http://www.springframework.org/schema/jee http://www.springframework.org/schema/jee/spring-jee.xsd
        http://www.springframework.org/schema/lang http://www.springframework.org/schema/lang/spring-lang.xsd
        http://www.springframework.org/schema/tx http://www.springframework.org/schema/tx/spring-tx.xsd
        http://www.springframework.org/schema/util http://www.springframework.org/schema/util/spring-util.xsd">


    <!-- Включаем опцию использования конфигурационных аннотаций (@Annotation-based configuration)-->
    <context:spring-configured/>
    <context:annotation-config/>

    <!-- Определяем папки, в которых будем автоматически искать бины-компоненты (@Component, @Service)  -->
    <!-- The controllers are autodetected POJOs labeled with the @Controller annotation. -->
    <!-- context:component-scan base-package="ru.avm.sum.view.controller" use-default-filters="false">
        <context:include-filter expression="org.springframework.stereotype.Controller" type="annotation"/>
    </context:component-scan -->

    <!-- The controllers are autodetected POJOs labeled with the @Service annotation. ->
    <context:component-scan base-package="ru.avm.sum.business.service" use-default-filters="false">
        <context:include-filter expression="org.springframework.stereotype.Service" type="annotation"/>
    </context:component-scan-->

    <!-- Файл с настройками параметров -->
    <import resource="properties-context.xml"/>

    <!-- Файл с настройками приложения -->
    <import resource="application-context.xml"/>

    <!-- Файл с настройками безопасности -->
    <import resource="security-context.xml"/>

</beans>