<beans:beans xmlns="http://www.springframework.org/schema/security"
             xmlns:beans="http://www.springframework.org/schema/beans" xmlns:xsi="http://www.w3.org/2001/XMLSchema-instance"
             xsi:schemaLocation="http://www.springframework.org/schema/beans
http://www.springframework.org/schema/beans/spring-beans.xsd
http://www.springframework.org/schema/security
http://www.springframework.org/schema/security/spring-security.xsd">

    <http access-denied-page="/error403.jsp">
        <intercept-url pattern="/login" access="ROLE_ADMIN,ROLE_USER,ROLE_ANONYMOUS"/>
        <intercept-url pattern="/index" access="ROLE_ADMIN,ROLE_USER"/>

        <intercept-url pattern="/j_spring_security_check" access="IS_AUTHENTICATED_ANONYMOUSLY"/>

        <intercept-url pattern="/add*" access="ROLE_ADMIN,ROLE_USER"/>
        <intercept-url pattern="/delete/*" access="ROLE_ADMIN"/>

        <intercept-url pattern="/css/**" access="ROLE_ADMIN,ROLE_USER"/>
        <intercept-url pattern="/js/**" access="ROLE_ADMIN,ROLE_USER"/>

        <form-login login-page="/login.jsp" default-target-url="/index" authentication-failure-url="/login.jsp?error=true"/>
        <logout logout-url="/logout" logout-success-url="/login.jsp"/>

        <anonymous username="guest" granted-authority="ROLE_ANONYMOUS"/>
        <remember-me />
    </http>

    <authentication-manager>
        <authentication-provider>
            <user-service>
                <user name="admin" password="admin" authorities="ROLE_USER, ROLE_ADMIN"/>
                <user name="bob" password="bob" authorities="ROLE_USER"/>
            </user-service>
        </authentication-provider>
    </authentication-manager>

<!--
    <beans:bean id="securityController" class="ru.avm.sum.view.controller.CSecurity"/>

    <authentication-manager>
        <authentication-provider user-service-ref="securityController"/>
    </authentication-manager>
-->

</beans:beans>
