<?xml version="1.0" encoding="UTF-8"?>

<!DOCTYPE log4j:configuration SYSTEM "log4j.dtd">

<log4j:configuration xmlns:log4j="http://jakarta.apache.org/log4j/" debug="false">

    <appender name="STDOUT" class="org.apache.log4j.ConsoleAppender">
        <param name="Target" value="System.out"/>
        <param name="Encoding" value="UTF-8"/>
        <layout class="org.apache.log4j.PatternLayout">
            <param name="ConversionPattern" value="%d\{yyyy-MM-dd HH:mm:ss.SSS\} [%-5p] (%t:%c\{1\}) %m%n"/>
        </layout>
    </appender>

    <appender name="FILE" class="org.apache.log4j.RollingFileAppender">
        <param name="append" value="true"/>
        <param name="file" value="${catalina.home}/logs/sum-present.log"/>
        <param name="MaxFileSize" value="10MB"/>
        <param name="MaxBackupIndex" value="5"/>
        <layout class="org.apache.log4j.PatternLayout">
            <param name="ConversionPattern" value="%d\{yyyy-MM-dd HH:mm:ss.SSS\} [%-5p] (%t:%c\{1\}) %m%n"/>
        </layout>
    </appender>

    <logger name="org.springframework" additivity="false">
        <level value="INFO"/>
        <appender-ref ref="FILE"/>
    </logger>

    <logger name="ru.avm" additivity="false">
        <level value="DEBUG"/>
        <appender-ref ref="FILE"/>
    </logger>

    <root>
        <priority value="INFO"/>
        <appender-ref ref="STDOUT"/>
        <appender-ref ref="FILE"/>
    </root>
</log4j:configuration>